{
  "version": 1,
  "author": "Anonymous maker",
  "editor": "wokwi",
  "parts": [
    { "type": "wokwi-esp32-devkit-v1", "id": "esp", "top": 57.33, "left": -38, "attrs": {} },
    {
      "type": "wokwi-buzzer",
      "id": "bz1",
      "top": -40,
      "left": -168.33,
      "attrs": { "volume": "0.1" }
    },
    {
      "type": "wokwi-hc-sr04",
      "id": "ultrasonic1",
      "top": -60.9,
      "left": 93.37,
      "attrs": { "distance": "90" }
    }
  ],
  "connections": [
    [ "esp:TX0", "$serialMonitor:RX", "", [] ],
    [ "esp:RX0", "$serialMonitor:TX", "", [] ],
    [ "bz1:1", "esp:GND.2", "black", [ "v0" ] ],
    [ "ultrasonic1:GND", "esp:GND.1", "black", [ "v0" ] ],
    [ "esp:VIN", "ultrasonic1:VCC", "red", [ "h-50.58", "v57.24", "h241.33" ] ],
    [ "bz1:2", "esp:D13", "red", [ "v0" ] ],
    [ "ultrasonic1:TRIG", "esp:D12", "gold", [ "v8.13", "h-254.46", "v140.67" ] ],
    [ "ultrasonic1:ECHO", "esp:D14", "blue", [ "v15.47", "h-245.13", "v126" ] ]
  ],
  "dependencies": {}
}